{
  "width": 1755,
  "height": 1242,
  "polygons": [
    [
      [
        0.3948582281915616,
        0.3786136032512844
      ],
      [
        0.4328449328449329,
        0.3786136032512844
      ],
      [
        0.4328449328449329,
        0.45433632390154133
      ],
      [
        0.3948582281915616,
        0.45433632390154133
      ]
    ],
    [
      [
        0.4381329673300477,
        0.3778929675470456
      ],
      [
        0.48201177033293824,
        0.3778929675470456
      ],
      [
        0.48201177033293824,
        0.455763602383723
      ],
      [
        0.4381329673300477,
        0.455763602383723
      ]
    ],
    [
      [
        0.4872106806413376,
        0.3943486488710227
      ],
      [
        0.5042631064528875,
        0.3943486488710227
      ],
      [
        0.5042631064528875,
        0.4554697509315091
      ],
      [
        0.4872106806413376,
        0.4554697509315091
      ]
    ],
    [
      [
        0.5092540603489509,
        0.37583600738154843
      ],
      [
        0.5535487761765134,
        0.37583600738154843
      ],
      [
        0.5535487761765134,
        0.455763602383723
      ],
      [
        0.5092540603489509,
        0.455763602383723
      ]
    ],
    [
      [
        0.5579158608355689,
        0.3778929675470456
      ],
      [
        0.6020026202507955,
        0.3778929675470456
      ],
      [
        0.6020026202507955,
        0.45517589947929515
      ],
      [
        0.5579158608355689,
        0.45517589947929515
      ]
    ],
    [
      [
        0.2983829327112909,
        0.49991416279540873
      ],
      [
        0.3710355426773337,
        0.49991416279540873
      ],
      [
        0.3710355426773337,
        0.5303005332207148
      ],
      [
        0.2983829327112909,
        0.5303005332207148
      ]
    ],
    [
      [
        0.3797429069760224,
        0.5002631218885836
      ],
      [
        0.47098548187872813,
        0.5002631218885836
      ],
      [
        0.47098548187872813,
        0.5293819442251761
      ],
      [
        0.3797429069760224,
        0.5293819442251761
      ]
    ],
    [
      [
        0.4809166464939886,
        0.5007893656657509
      ],
      [
        0.6067941579924151,
        0.5007893656657509
      ],
      [
        0.6067941579924151,
        0.5388543322141882
      ],
      [
        0.4809166464939886,
        0.5388543322141882
      ]
    ],
    [
      [
        0.615980485261531,
        0.5011401948505292
      ],
      [
        0.6776778454338367,
        0.5011401948505292
      ],
      [
        0.6776778454338367,
        0.5290311150403979
      ],
      [
        0.615980485261531,
        0.5290311150403979
      ]
    ],
    [
      [
        0.6874848704914065,
        0.5055255596602569
      ],
      [
        0.6997746867027913,
        0.5055255596602569
      ],
      [
        0.6997746867027913,
        0.5290311150403979
      ],
      [
        0.6874848704914065,
        0.5290311150403979
      ]
    ],
    [
      [
        0.405982905982906,
        0.547638217928073
      ],
      [
        0.5351377018043685,
        0.547638217928073
      ],
      [
        0.5351377018043685,
        0.5853797638217928
      ],
      [
        0.405982905982906,
        0.5853797638217928
      ]
    ],
    [
      [
        0.5458231462959595,
        0.5474278883673477
      ],
      [
        0.593104470173028,
        0.5474278883673477
      ],
      [
        0.593104470173028,
        0.5776925038925244
      ],
      [
        0.5458231462959595,
        0.5776925038925244
      ]
    ],
    [
      [
        0.34046292752760415,
        0.6150647727545846
      ],
      [
        0.4956131538410019,
        0.6150647727545846
      ],
      [
        0.4956131538410019,
        0.640336853875654
      ],
      [
        0.34046292752760415,
        0.640336853875654
      ]
    ],
    [
      [
        0.5044179237727625,
        0.6113473387900691
      ],
      [
        0.567874976477127,
        0.6113473387900691
      ],
      [
        0.567874976477127,
        0.6400409626216078
      ],
      [
        0.5044179237727625,
        0.6400409626216078
      ]
    ],
    [
      [
        0.5765493713307536,
        0.6124261564563275
      ],
      [
        0.6585235012597493,
        0.6124261564563275
      ],
      [
        0.6585235012597493,
        0.6347978259733947
      ],
      [
        0.5765493713307536,
        0.6347978259733947
      ]
    ],
    [
      [
        0.013196796215664141,
        0.9628110473065353
      ],
      [
        0.050502607106380694,
        0.9628110473065353
      ],
      [
        0.050502607106380694,
        0.9793698538571386
      ],
      [
        0.013196796215664141,
        0.9793698538571386
      ]
    ],
    [
      [
        0.05566306509702736,
        0.9622033846808253
      ],
      [
        0.08092780734290168,
        0.9622033846808253
      ],
      [
        0.08092780734290168,
        0.9764834563850151
      ],
      [
        0.05566306509702736,
        0.9764834563850151
      ]
    ],
    [
      [
        0.08619577487502016,
        0.9623553003372527
      ],
      [
        0.15457184325108853,
        0.9623553003372527
      ],
      [
        0.15457184325108853,
        0.9787621912314284
      ],
      [
        0.08619577487502016,
        0.9787621912314284
      ]
    ],
    [
      [
        0.16016233940762242,
        0.9618995533679701
      ],
      [
        0.21434714830941246,
        0.9618995533679701
      ],
      [
        0.21434714830941246,
        0.9799775164828487
      ],
      [
        0.16016233940762242,
        0.9799775164828487
      ]
    ]
  ],
  "labels": [
    0,
    0,
    0,
    0,
    0,
    0,
    0,
    0,
    0,
    0,
    0,
    0,
    0,
    0,
    0,
    0,
    0,
    0,
    0
  ],
  "image_path": "landing-01.png"
}