{
  "width": 873,
  "height": 254,
  "polygons": [
    [
      [
        0.4442887487627754,
        0.4178197385520985
      ],
      [
        0.4711647890508866,
        0.4178197385520985
      ],
      [
        0.4711647890508866,
        0.45604311596972713
      ],
      [
        0.4442887487627754,
        0.45604311596972713
      ]
    ],
    [
      [
        0.4761692931045348,
        0.41654562597151085
      ],
      [
        0.5267703896469786,
        0.41654562597151085
      ],
      [
        0.5267703896469786,
        0.4554060596794333
      ],
      [
        0.4761692931045348,
        0.4554060596794333
      ]
    ],
    [
      [
        0.039501588373280695,
        0.573196612388187
      ],
      [
        0.05941035428947345,
        0.573196612388187
      ],
      [
        0.05941035428947345,
        0.6237727840694977
      ],
      [
        0.039501588373280695,
        0.6237727840694977
      ]
    ],
    [
      [
        0.06460394539804547,
        0.569229853824947
      ],
      [
        0.08826363822598467,
        0.569229853824947
      ],
      [
        0.08826363822598467,
        0.6227810944286876
      ],
      [
        0.06460394539804547,
        0.6227810944286876
      ]
    ],
    [
      [
        0.09316869649519158,
        0.574188302028997
      ],
      [
        0.10586414142725652,
        0.574188302028997
      ],
      [
        0.10586414142725652,
        0.6297229219143577
      ],
      [
        0.09316869649519158,
        0.6297229219143577
      ]
    ],
    [
      [
        0.11008018327605956,
        0.571259842519685
      ],
      [
        0.1286368843069874,
        0.571259842519685
      ],
      [
        0.1286368843069874,
        0.6200787401574803
      ],
      [
        0.11008018327605956,
        0.6200787401574803
      ]
    ],
    [
      [
        0.13573883161512026,
        0.5732283464566928
      ],
      [
        0.14971363115693012,
        0.5732283464566928
      ],
      [
        0.14971363115693012,
        0.6322834645669291
      ],
      [
        0.13573883161512026,
        0.6322834645669291
      ]
    ],
    [
      [
        0.03888959597245203,
        0.7232429279673375
      ],
      [
        0.07000127275041365,
        0.7232429279673375
      ],
      [
        0.07000127275041365,
        0.7801108194808982
      ],
      [
        0.03888959597245203,
        0.7801108194808982
      ]
    ],
    [
      [
        0.07410235741659948,
        0.7203266258384369
      ],
      [
        0.10210286651676496,
        0.7203266258384369
      ],
      [
        0.10210286651676496,
        0.7679595606104793
      ],
      [
        0.07410235741659948,
        0.7679595606104793
      ]
    ],
    [
      [
        0.10761811830922179,
        0.7135219208710023
      ],
      [
        0.14396221345438603,
        0.7135219208710023
      ],
      [
        0.14396221345438603,
        0.7810829201905317
      ],
      [
        0.10761811830922179,
        0.7810829201905317
      ]
    ],
    [
      [
        0.14947746524684286,
        0.7217847769028872
      ],
      [
        0.17747797434700835,
        0.7217847769028872
      ],
      [
        0.17747797434700835,
        0.778652668416448
      ],
      [
        0.14947746524684286,
        0.778652668416448
      ]
    ],
    [
      [
        0.18271039271421097,
        0.7232429279673375
      ],
      [
        0.2036400661830215,
        0.7232429279673375
      ],
      [
        0.2036400661830215,
        0.7694177116749296
      ],
      [
        0.18271039271421097,
        0.7694177116749296
      ]
    ],
    [
      [
        0.20844823441234286,
        0.7222708272577039
      ],
      [
        0.22061007169827332,
        0.7222708272577039
      ],
      [
        0.22061007169827332,
        0.7689316613201128
      ],
      [
        0.20844823441234286,
        0.7689316613201128
      ]
    ],
    [
      [
        0.84684877684799,
        0.2228967562260824
      ],
      [
        0.8624423983281306,
        0.2228967562260824
      ],
      [
        0.8624423983281306,
        0.2784957223858468
      ],
      [
        0.84684877684799,
        0.2784957223858468
      ]
    ],
    [
      [
        0.8685632590960364,
        0.2238985394001322
      ],
      [
        0.8905692109044593,
        0.2238985394001322
      ],
      [
        0.8905692109044593,
        0.26797699905832384
      ],
      [
        0.8685632590960364,
        0.26797699905832384
      ]
    ],
    [
      [
        0.8962528673318002,
        0.2228967562260824
      ],
      [
        0.9176758800194702,
        0.2228967562260824
      ],
      [
        0.9176758800194702,
        0.2804992887339464
      ],
      [
        0.8962528673318002,
        0.2804992887339464
      ]
    ],
    [
      [
        0.923063129610003,
        0.2230664508057988
      ],
      [
        0.9602643157658092,
        0.2230664508057988
      ],
      [
        0.9602643157658092,
        0.28101773493266613
      ],
      [
        0.923063129610003,
        0.28101773493266613
      ]
    ],
    [
      [
        0.9028567299354466,
        0.07174920891897858
      ],
      [
        0.9335008724882508,
        0.07174920891897858
      ],
      [
        0.9335008724882508,
        0.1195820148649643
      ],
      [
        0.9028567299354466,
        0.1195820148649643
      ]
    ],
    [
      [
        0.940893470790378,
        0.07401574803149606
      ],
      [
        0.9602520045819014,
        0.07401574803149606
      ],
      [
        0.9602520045819014,
        0.13031496062992126
      ],
      [
        0.940893470790378,
        0.13031496062992126
      ]
    ]
  ],
  "labels": [
    0,
    0,
    0,
    0,
    0,
    0,
    0,
    0,
    0,
    0,
    0,
    0,
    0,
    0,
    0,
    0,
    0,
    0,
    0
  ],
  "image_path": "msg-01.png"
}