{
  "width": 239,
  "height": 237,
  "polygons": [
    [
      [
        0.19148560770277767,
        0.09557216206598546
      ],
      [
        0.34725512930382624,
        0.09557216206598546
      ],
      [
        0.34725512930382624,
        0.1469167810482436
      ],
      [
        0.19148560770277767,
        0.1469167810482436
      ]
    ],
    [
      [
        0.19249382467106926,
        0.2801077728636063
      ],
      [
        0.3815345062257398,
        0.2801077728636063
      ],
      [
        0.3815345062257398,
        0.343653093386203
      ],
      [
        0.19249382467106926,
        0.343653093386203
      ]
    ],
    [
      [
        0.1940061501235066,
        0.4692186467388541
      ],
      [
        0.5277259666280184,
        0.4692186467388541
      ],
      [
        0.5277259666280184,
        0.5276803416196431
      ],
      [
        0.1940061501235066,
        0.5276803416196431
      ]
    ],
    [
      [
        0.19249382467106926,
        0.6547709826648366
      ],
      [
        0.45059736855371285,
        0.6547709826648366
      ],
      [
        0.45059736855371285,
        0.7147577652381678
      ],
      [
        0.19249382467106926,
        0.7147577652381678
      ]
    ],
    [
      [
        0.1864445228613198,
        0.8377815057699151
      ],
      [
        0.4294248122195897,
        0.8377815057699151
      ],
      [
        0.4294248122195897,
        0.8870926744954502
      ],
      [
        0.1864445228613198,
        0.8870926744954502
      ]
    ],
    [
      [
        0.8874476987447698,
        0.09620253164556962
      ],
      [
        0.9163179916317992,
        0.09620253164556962
      ],
      [
        0.9163179916317992,
        0.14092827004219408
      ],
      [
        0.8874476987447698,
        0.14092827004219408
      ]
    ]
  ],
  "labels": [
    0,
    0,
    0,
    0,
    0,
    0
  ],
  "image_path": "msg-02.png"
}