{
  "width": 379,
  "height": 362,
  "polygons": [
    [
      [
        0.35672823218997357,
        0.2621546961325967
      ],
      [
        0.5171503957783641,
        0.2621546961325967
      ],
      [
        0.5171503957783641,
        0.31795580110497235
      ],
      [
        0.35672823218997357,
        0.31795580110497235
      ]
    ],
    [
      [
        0.5350923482849604,
        0.26850828729281767
      ],
      [
        0.6435356200527704,
        0.26850828729281767
      ],
      [
        0.6435356200527704,
        0.31823204419889506
      ],
      [
        0.5350923482849604,
        0.31823204419889506
      ]
    ],
    [
      [
        0.266754617414248,
        0.49751381215469614
      ],
      [
        0.36306068601583114,
        0.49751381215469614
      ],
      [
        0.36306068601583114,
        0.5301104972375691
      ],
      [
        0.266754617414248,
        0.5301104972375691
      ]
    ],
    [
      [
        0.4577836411609499,
        0.4988950276243094
      ],
      [
        0.5316622691292876,
        0.4988950276243094
      ],
      [
        0.5316622691292876,
        0.5303867403314917
      ],
      [
        0.4577836411609499,
        0.5303867403314917
      ]
    ],
    [
      [
        0.6277044854881266,
        0.49944751381215474
      ],
      [
        0.7353562005277045,
        0.49944751381215474
      ],
      [
        0.7353562005277045,
        0.5292817679558011
      ],
      [
        0.6277044854881266,
        0.5292817679558011
      ]
    ],
    [
      [
        0.04907224999822202,
        0.6314127861089187
      ],
      [
        0.2446500579621504,
        0.6314127861089187
      ],
      [
        0.2446500579621504,
        0.6649193608434721
      ],
      [
        0.04907224999822202,
        0.6649193608434721
      ]
    ],
    [
      [
        0.25922949455582506,
        0.6317850813837471
      ],
      [
        0.3399497898427555,
        0.6317850813837471
      ],
      [
        0.3399497898427555,
        0.6645470655686437
      ],
      [
        0.25922949455582506,
        0.6645470655686437
      ]
    ],
    [
      [
        0.04978344202718176,
        0.7535256362526247
      ],
      [
        0.16926370289241796,
        0.7535256362526247
      ],
      [
        0.16926370289241796,
        0.792988935384432
      ],
      [
        0.04978344202718176,
        0.792988935384432
      ]
    ],
    [
      [
        0.18206515941369328,
        0.7516641598784828
      ],
      [
        0.2595850905703049,
        0.7516641598784828
      ],
      [
        0.2595850905703049,
        0.7855430298878646
      ],
      [
        0.18206515941369328,
        0.7855430298878646
      ]
    ],
    [
      [
        0.2734533351350198,
        0.7520364551533112
      ],
      [
        0.3399497898427555,
        0.7520364551533112
      ],
      [
        0.3399497898427555,
        0.7851707346130362
      ],
      [
        0.2734533351350198,
        0.7851707346130362
      ]
    ],
    [
      [
        0.3555960144798697,
        0.7531533409777963
      ],
      [
        0.44236144201295796,
        0.7531533409777963
      ],
      [
        0.44236144201295796,
        0.7866599157123498
      ],
      [
        0.3555960144798697,
        0.7866599157123498
      ]
    ],
    [
      [
        0.050139038041661636,
        0.876010781671159
      ],
      [
        0.18775469564537123,
        0.876010781671159
      ],
      [
        0.18775469564537123,
        0.9180801477267652
      ],
      [
        0.050139038041661636,
        0.9180801477267652
      ]
    ],
    [
      [
        0.19984496013768677,
        0.8756384863963307
      ],
      [
        0.22580346919471725,
        0.8756384863963307
      ],
      [
        0.22580346919471725,
        0.9098896516805409
      ],
      [
        0.19984496013768677,
        0.9098896516805409
      ]
    ],
    [
      [
        0.24002730977391207,
        0.8756384863963307
      ],
      [
        0.3843992916527392,
        0.8756384863963307
      ],
      [
        0.3843992916527392,
        0.9158463760777947
      ],
      [
        0.24002730977391207,
        0.9158463760777947
      ]
    ],
    [
      [
        0.9111093296340574,
        0.6291190144288664
      ],
      [
        0.9351592698577568,
        0.6291190144288664
      ],
      [
        0.9351592698577568,
        0.6736390374916981
      ],
      [
        0.9111093296340574,
        0.6736390374916981
      ]
    ],
    [
      [
        0.9125035290673154,
        0.7506367822970872
      ],
      [
        0.9358563695743858,
        0.7506367822970872
      ],
      [
        0.9358563695743858,
        0.7962515600253983
      ],
      [
        0.9125035290673154,
        0.7962515600253983
      ]
    ],
    [
      [
        0.9121549792090009,
        0.8732493048307874
      ],
      [
        0.9334165205661843,
        0.8732493048307874
      ],
      [
        0.9334165205661843,
        0.9170394914499661
      ],
      [
        0.9121549792090009,
        0.9170394914499661
      ]
    ]
  ],
  "labels": [
    0,
    0,
    0,
    0,
    0,
    0,
    0,
    0,
    0,
    0,
    0,
    0,
    0,
    0,
    0,
    0,
    0
  ],
  "image_path": "msg-03.png"
}