{
  "width": 466,
  "height": 409,
  "polygons": [
    [
      [
        0.029648769378996263,
        0.013996307569482594
      ],
      [
        0.0716913374791977,
        0.013996307569482594
      ],
      [
        0.0716913374791977,
        0.06489197145851008
      ],
      [
        0.029648769378996263,
        0.06489197145851008
      ]
    ],
    [
      [
        0.09183673469387758,
        0.02297789531460509
      ],
      [
        0.17942541823596392,
        0.02297789531460509
      ],
      [
        0.17942541823596392,
        0.06389401726460758
      ],
      [
        0.09183673469387758,
        0.06389401726460758
      ]
    ],
    [
      [
        0.19606726810896033,
        0.02597175789631259
      ],
      [
        0.21971621266532362,
        0.02597175789631259
      ],
      [
        0.21971621266532362,
        0.05990220048899758
      ],
      [
        0.19606726810896033,
        0.05990220048899758
      ]
    ],
    [
      [
        0.24161338355084525,
        0.018986078538995095
      ],
      [
        0.544670228606464,
        0.018986078538995095
      ],
      [
        0.544670228606464,
        0.06389401726460758
      ],
      [
        0.24161338355084525,
        0.06389401726460758
      ]
    ],
    [
      [
        0.5665673994919856,
        0.031959483059727595
      ],
      [
        0.6077340807567663,
        0.031959483059727595
      ],
      [
        0.6077340807567663,
        0.05690833790729009
      ],
      [
        0.5665673994919856,
        0.05690833790729009
      ]
    ],
    [
      [
        0.6296312516422878,
        0.020981986926800093
      ],
      [
        0.6664184987299641,
        0.020981986926800093
      ],
      [
        0.6664184987299641,
        0.06289606307070508
      ],
      [
        0.6296312516422878,
        0.06289606307070508
      ]
    ],
    [
      [
        0.1102303582377157,
        0.07387355920363259
      ],
      [
        0.2608828939301043,
        0.07387355920363259
      ],
      [
        0.2608828939301043,
        0.11379172695973258
      ],
      [
        0.1102303582377157,
        0.11379172695973258
      ]
    ],
    [
      [
        0.28453183848646757,
        0.08884287211217007
      ],
      [
        0.30642900937198914,
        0.08884287211217007
      ],
      [
        0.30642900937198914,
        0.10880195599022006
      ],
      [
        0.28453183848646757,
        0.10880195599022006
      ]
    ],
    [
      [
        0.32569851975124814,
        0.07586946759143758
      ],
      [
        0.750503634930367,
        0.07586946759143758
      ],
      [
        0.750503634930367,
        0.11678558954144007
      ],
      [
        0.32569851975124814,
        0.11678558954144007
      ]
    ],
    [
      [
        0.1128580187439783,
        0.12676513148046506
      ],
      [
        0.19781904177980209,
        0.12676513148046506
      ],
      [
        0.19781904177980209,
        0.16967716181827255
      ],
      [
        0.1128580187439783,
        0.16967716181827255
      ]
    ],
    [
      [
        0.2170885521590611,
        0.13874058180729507
      ],
      [
        0.24161338355084525,
        0.13874058180729507
      ],
      [
        0.24161338355084525,
        0.16169352826705258
      ],
      [
        0.2170885521590611,
        0.16169352826705258
      ]
    ],
    [
      [
        0.2670141017780503,
        0.12876103986827006
      ],
      [
        0.28628361215730924,
        0.12876103986827006
      ],
      [
        0.28628361215730924,
        0.17366897859388256
      ],
      [
        0.2670141017780503,
        0.17366897859388256
      ]
    ],
    [
      [
        0.20132258912148554,
        0.1816526121451026
      ],
      [
        0.30642900937198914,
        0.1816526121451026
      ],
      [
        0.30642900937198914,
        0.22556259667681255
      ],
      [
        0.20132258912148554,
        0.22556259667681255
      ]
    ],
    [
      [
        0.3248226329158273,
        0.18265056633900506
      ],
      [
        0.42905316633091006,
        0.18265056633900506
      ],
      [
        0.42905316633091006,
        0.22256873409510505
      ],
      [
        0.3248226329158273,
        0.22256873409510505
      ]
    ],
    [
      [
        0.45970920557064027,
        0.1796567037572976
      ],
      [
        0.9283086625208022,
        0.1796567037572976
      ],
      [
        0.9283086625208022,
        0.22955441345242256
      ],
      [
        0.45970920557064027,
        0.22955441345242256
      ]
    ],
    [
      [
        0.20044670228606468,
        0.23354623022803256
      ],
      [
        0.36686520101602876,
        0.23354623022803256
      ],
      [
        0.36686520101602876,
        0.27645826056584005
      ],
      [
        0.20044670228606468,
        0.27645826056584005
      ]
    ],
    [
      [
        0.39226591924323373,
        0.23654009280974006
      ],
      [
        0.8827625470789173,
        0.23654009280974006
      ],
      [
        0.8827625470789173,
        0.2834439399231576
      ],
      [
        0.39226591924323373,
        0.2834439399231576
      ]
    ],
    [
      [
        0.11460979241482006,
        0.28843371089267006
      ],
      [
        0.133879302794079,
        0.28843371089267006
      ],
      [
        0.133879302794079,
        0.33733346639389256
      ],
      [
        0.11460979241482006,
        0.33733346639389256
      ]
    ],
    [
      [
        0.1128580187439783,
        0.34232323736340503
      ],
      [
        0.3703687483577122,
        0.34232323736340503
      ],
      [
        0.3703687483577122,
        0.3872311760890175
      ],
      [
        0.1128580187439783,
        0.3872311760890175
      ]
    ],
    [
      [
        0.39139003240781295,
        0.3612843670475525
      ],
      [
        0.41328720329333446,
        0.3612843670475525
      ],
      [
        0.41328720329333446,
        0.3752557257621875
      ],
      [
        0.39139003240781295,
        0.3752557257621875
      ]
    ],
    [
      [
        0.4343084873434353,
        0.34431914575121
      ],
      [
        0.7093369536655864,
        0.34431914575121
      ],
      [
        0.7093369536655864,
        0.38623322189511505
      ],
      [
        0.4343084873434353,
        0.38623322189511505
      ]
    ],
    [
      [
        0.11373390557939914,
        0.39621276383414
      ],
      [
        0.8652448103705002,
        0.39621276383414
      ],
      [
        0.8652448103705002,
        0.4431166109475575
      ],
      [
        0.11373390557939914,
        0.4431166109475575
      ]
    ],
    [
      [
        0.3414644827888237,
        0.44411456514145997
      ],
      [
        0.8608653761933958,
        0.44411456514145997
      ],
      [
        0.8608653761933958,
        0.49600818322439
      ],
      [
        0.3414644827888237,
        0.49600818322439
      ]
    ],
    [
      [
        0.025269335201891934,
        0.553889526470735
      ],
      [
        0.07081545064377685,
        0.553889526470735
      ],
      [
        0.07081545064377685,
        0.5968015568085424
      ],
      [
        0.025269335201891934,
        0.5968015568085424
      ]
    ],
    [
      [
        0.09271262152929843,
        0.5628711142158574
      ],
      [
        0.17854953140054308,
        0.5628711142158574
      ],
      [
        0.17854953140054308,
        0.601791327778055
      ],
      [
        0.09271262152929843,
        0.601791327778055
      ]
    ],
    [
      [
        0.19869492861522292,
        0.561873160021955
      ],
      [
        0.22146798633616538,
        0.561873160021955
      ],
      [
        0.22146798633616538,
        0.5958036026146399
      ],
      [
        0.19869492861522292,
        0.5958036026146399
      ]
    ],
    [
      [
